{"clemero02": {"avg_rs_9": 14.079365079365079, "sum_rs_9": 98.55555555555556}, "stewada01": {"avg_rs_9": 14.730158730158731, "sum_rs_9": 103.11111111111111}, "maddugr01": {"avg_rs_9": 12.412698412698413, "sum_rs_9": 86.88888888888889}, "welchbo01": {"avg_rs_9": 11.936507936507937, "sum_rs_9": 83.55555555555556}, "keyji01": {"avg_rs_9": 12.174603174603176, "sum_rs_9": 85.22222222222223}, "drabedo01": {"avg_rs_9": 11.968253968253967, "sum_rs_9": 83.77777777777777}, "morrija02": {"avg_rs_9": 13.444444444444445, "sum_rs_9": 94.11111111111111}, "mooremi01": {"avg_rs_9": 12.158730158730156, "sum_rs_9": 85.1111111111111}, "martide01": {"avg_rs_9": 10.968253968253965, "sum_rs_9": 76.77777777777776}, "goodedw01": {"avg_rs_9": 12.269841269841269, "sum_rs_9": 85.88888888888889}, "glavito02": {"avg_rs_9": 11.238095238095237, "sum_rs_9": 78.66666666666666}}